Address,City,State
2204 E. Foothill Blvd,Pasadena,CA
125 Mesa Drive,Costa Mesa,CA
12750 Garden Grove Blvd,Garden Grove,CA
11057 Rosecrans Avenue,Norwalk,CA
3720 Campus Drive,Newport Beach,CA
10986 Sierra Avenue,Fontana,CA
15021 Edwards Street,Huntington Beach,CA
3720 Campus Drive,Newport Beach,CA
12116 E. Washington Blvd,Whittier,CA
1535 South Sepulveda Blvd,Los Angeles,CA
3415 Chino Avenue,Chino,CA
2204 E Foothill Blvd,Pasadena,CA
2551 W 190th St.,Torrance,CA
13200 Euclid St.,Garden Grove,CA
4120-B E 4th St,Ontario,CA
3580 Willow Lane,Thousand Oaks,CA
500 South Glendora Avenue,Glendora,Ca
11780 Arrow Route,Rancho Cucamonga,CA
281 North Central Avenue,Upland,CA
24801 Raton Drive,Lake Forest,CA
15042 Summit Avenue,Fontana,CA
3720 Campus Drive,Newport Beach,CA
10940 Foothill Blvd,Rancho Cucamonga,CA
9599 Jefferson Blvd,Culver City,CA
2551 W 190th St.,Torrance,CA
20051 Ventura Blvd Suite,Woodland Hills,CA
2121 E. Foothill Blvd,Pasadena,CA
10 W. 7th Street,Upland,CA
1411 S. Harbor Blvd,Fullerton,CA
1411 S. Harbor Blvd,Fullerton,CA
10701 South Street,Cerritos,CA
2204 E Foothill Blvd,Pasadena,CA
3580 Willow Lane,Thousand Oaks,CA
1900 S. Sepulveda Blvd,Los Angeles,CA
10986 Sierra Avenue,Fontana,CA
13200 Euclid St.,Garden Grove,CA
125 Mesa Drive,Costa Mesa,CA
2204 E. Foothill Blvd,Pasadena,CA
125 Mesa Drive,Costa Mesa,CA
12750 Garden Grove Blvd,Garden Grove,CA
11057 Rosecrans Avenue,Norwalk,CA
10986 Sierra Avenue,Fontana,CA
15021 Edwards Street,Huntington Beach,CA
12116 E. Washington Blvd,Whittier,CA
3415 Chino Avenue,Chino,CA
2204 E Foothill Blvd,Pasadena,CA
2551 W 190th St.,Torrance,CA
13200 Euclid St.,Garden Grove,CA
4120-B E 4th St,Ontario,CA
200 S. Tustin Street,Orange,CA
3580 Willow Lane,Thousand Oaks,CA
11780 Arrow Route,Rancho Cucamonga,CA
281 North Central Avenue,Upland,CA
1082 Bryan Avenue,Tustin,CA
24801 Raton Drive,Lake Forest,CA
15042 Summit Avenue,Fontana,CA
3720 Campus Drive,Newport Beach,CA
10940 Foothill Blvd,Rancho Cucamonga,CA
9599 Jefferson Blvd,Culver City,CA
2551 W 190th St.,Torrance,CA
20051 Ventura Blvd Suite,Woodland Hills,CA
2121 E. Foothill Blvd,Pasadena,CA
951 West Bastanchury Road,Fullerton,CA
10 W. 7th Street,Upland,CA
1411 S. Harbor Blvd,Fullerton,CA
1411 S. Harbor Blvd,Fullerton,CA
10701 South Street,Cerritos,CA
2204 E Foothill Blvd,Pasadena,CA
3580 Willow Lane,Thousand Oaks,CA
361 S. Raymond Avenue,Pasadena,CA
10986 Sierra Avenue,Fontana,CA
13200 Euclid St.,Garden Grove,CA
2204 E. Foothill Blvd,Pasadena,CA
125 Mesa Drive,Costa Mesa,CA
12750 Garden Grove Blvd,Garden Grove,CA
11057 Rosecrans Avenue,Norwalk,CA
10986 Sierra Avenue,Fontana,CA
15021 Edwards Street,Huntington Beach,CA
12116 E. Washington Blvd,Whittier,CA
3415 Chino Avenue,Chino,CA
2204 E Foothill Blvd,Pasadena,CA
2551 W 190th St.,Torrance,CA
13200 Euclid St.,Garden Grove,CA
4120-B E 4th St,Ontario,CA
200 S. Tustin Street,Orange,CA
3580 Willow Lane,Thousand Oaks,CA
11780 Arrow Route,Rancho Cucamonga,CA
281 North Central Avenue,Upland,CA
1082 Bryan Avenue,Tustin,CA
24801 Raton Drive,Lake Forest,CA
15042 Summit Avenue,Fontana,CA
3720 Campus Drive,Newport Beach,CA
10940 Foothill Blvd,Rancho Cucamonga,CA
9599 Jefferson Blvd,Culver City,CA
2551 W 190th St.,Torrance,CA
20051 Ventura Blvd Suite,Woodland Hills,CA
2121 E. Foothill Blvd,Pasadena,CA
951 West Bastanchury Road,Fullerton,CA
10 W. 7th Street,Upland,CA
1411 S. Harbor Blvd,Fullerton,CA
1411 S. Harbor Blvd,Fullerton,CA
10701 South Street,Cerritos,CA
2204 E Foothill Blvd,Pasadena,CA
3580 Willow Lane,Thousand Oaks,CA
361 S. Raymond Avenue,Pasadena,CA
10986 Sierra Avenue,Fontana,CA
13200 Euclid St.,Garden Grove,CA
2409 S. Vineyard Avenue,Ontario,CA
1535 South Sepulveda Blvd,Los Angeles,CA
10435 Sorrento Valley Rd,San Diego,CA
9599 Jefferson Blvd,Culver City,CA
8723 Santa Monica Blvd,West Hollywood,CA
22595 N Scottsdale Rd,Scottsdale,AZ
18300 Euclid St,Fountain Valley,CA
20051 Ventura Blvd Suite,Woodland Hills,CA
2967 N. Moorpark Road,Thousand Oaks,CA
7660 Amador Valley Blvd,Dublin,CA
7660 Amador Valley Blvd,Dublin,CA
2055 Montiel Road Suite ,San Marcos,CA
2409 S. Vineyard Avenue,Ontario,CA
5610 Kearney Mesa Road Suite B,San Diego,CA
1412 Huntington Drive,South Pasadena,CA
1618 Washington Blvd,Fremont,CA
86 W. Juniper Avenue,Gilbert,AZ
1371 Reynolds Avenue,Irvine,CA
4641 Colorado Blvd,Los Angeles,CA
5610 Kearney Mesa Road Suite B,San Diego,CA
1371 Reynolds Avenue,Irvine,CA
2409 S. Vineyard Avenue,Ontario,CA
2967 N. Moorpark Road,Thousand Oaks,CA
1535 South Sepulveda Blvd,Los Angeles,CA
500 S. Glendora Avenue,Glendora,CA
2967 N. Moorpark Road,Thousand Oaks,CA
1535 South Sepulveda Blvd,Los Angeles,CA
1618 Washington Blvd,Fremont,CA
1133 7th Street,Oakland,CA
1133 7th Street,Oakland,CA
5610 Kearney Mesa Road Suite B,San Diego,CA
86 W. Juniper Avenue,Gilbert,AZ
2967 N. Moorpark Road,Thousand Oaks,CA
10435 Sorrento Valley Rd,San Diego,CA
2317 Hotel Circle South,San Diego,CA
10 W. 7th Street,Upland,CA
7660 Amador Valley Blvd,Dublin,CA
6565 Santa Monica Blvd,Los Angeles,CA
4716B Lincoln Blvd,Marina del Rey,CA
1015 Evergreen Circle,The Woodlands,TX
16201 San Pedro Avenue,San Antonio,TX
137 E. Hamilton Avenue,Campbell,CA
2638 N Tustin St,Orange,CA
16911 Roscoe Blvd,North Hills,CA
5405 Arrow Hwy Ste. 108,Montclair,CA
541 N. Pacific Coast Highway Suite D,Redondo Beach,CA
4641 Colorado Blvd,Los Angeles,CA
5200-592-4753,Exeter,CA
893 Expo Bouleverd,Vancouver,BC
3605 Desert Inn. Rd.,Las Vegas,NV
125 Mesa Drive,Costa Mesa,CA
310 Cedar Street,New Haven,CT
801 Centerton Road,Mount Laurel,NJ
1125 General Ogden,New Orleans,LA
10737 Venice Blvd,Los Angeles,CA
12750 Garden Grove Blvd,Garden Grove,CA
6800 E. Hwy 67,Alvarado,TX
1912 Harbor Blvd,Costa Mesa,Ca
3070 Temple Avenue,Phillips Ranch,CA
1685 Garbers Church Road,Harrisonburg,VA
401 W. Nolana Avenue,McAllen,TX
12750 Garden Grove Blvd,Garden Grove,CA
800 W. Overland Road Suite 1,Meridian,ID
835 Carman Avenue,Westbury,NY
13830 SE Stark St,Portland,OR
1199 East Grande Avenue,Arroyo Grande,CA
35951 Salida Del Sol,Wildomar,CA
24899 Railroad Avenue,Santa Clarita,CA
5488 Mission Blvd,Riverside,CA
2400 E. Cesar Chavez St,Austin,TX
6523 Helen Woodward Way,Rancho Santa Fe,CA
5824 South Highway 95,Fort Mohave,AZ
11718 West Olympic Blvd,Los Angeles,CA
585 Laukapu St.,Hilo,HI
3411 Airport Rd,Portage,IN
2072 W Redlands Blvd,Redlands,CA
745 W. Huntington Drive,Monrovia,CA
1115 E. Champlain,Fresno,CA
225 South Pacific Highway,Woodburn,OR
760 E. Thousand Oaks Blvd,Thousand Oaks,CA
27244 Highway 189,Blue Jay,CA
1115 E. Champlain,Fresno,CA
3060 North Ashby Road,Atwater,CA
15021 Edwards Street,Huntington Beach,CA
2505 Hilltop Drive,Redding,CA
16152 Highway 9,Breckenridge,CO
838 River Avenue,Lakewood,NJ
12116 E. Washington Blvd,Whittier,CA
580 Winters Avenue,Paramus,NJ
3901 Sierra College Blvd,Loomis,CA
30406 Haun Rd. Ste 730,Menifee,Ca
2505 S. Vista Way,Carlsbad,CA
2126 Hasteb Street,Berkeley,CA
3415 Chino Avenue,Chino,CA
1325 Lexington Road,Versailles,KY
163 Burlington Path Rd.,Cream Ridge,NJ
1203 North Main,Cedar City,UT
838 River Avenue,Lakewood,NJ
5051 W. Craig Road,Las Vegas,NV
9804 Warwick Blvd,Newport News,VA
1140 Van Ness Avenue,Ferndale,CA
3973 S. Higuera Street,San Luis Obispo,CA
3450 E. Valley Parkway,Escondido,CA
39564 US 19 N,Tarpon Springs,FL
1700 W Exchange St.,Akron,OH
5267 Linda Vista Rd.,San Diego,CA
2830 Hunters Loop,Blackfoot,ID
3000 10th Street N Ste B,Arlington,VA
2161 Hwy 48 N,Dickson,TN
705 Main St.,Ashton,IL
2500 South Hardy,Tempe,AZ
2160 N. University Drive,Coral Springs,FL
2401 North University Drive,Fargo,ND
4120-B E 4th St,Ontario,CA
24260 Crenshaw Blvd,Torrance,CA
3450 E. Valley Parkway,Escondido,CA
6030-A Santo Rd.,San Diego,CA
7005 Mapleridge St.,Bellaire,TX
3580 Willow Lane,Thousand Oaks,CA
38 East - West Rd,East Dummerson,VT
1014 Dale St. N,St. Paul,MN
11308 92nd St SE,Snohomish,WA
1075 Westfield Avenue,Rahway,NJ
5796 Paradise Drive,Corte Madera,CA
350 South Huntington Avenue,Boston,MA
135 SE Fir Villa Rd.,Dallas,OR
655 Benet Rd.,Oceanside,CA
24801 Raton Drive,Lake Forest,CA
6488 N. New Braunfels Avenue,San Antonio,TX
8165 Morrow Road,Atascadero,CA
1048 Koko Head Avenue,Honolulu,HI
4299 E. Ramon Road,Palm Springs,CA
5229 W. Walnut Avenue,Visalia,CA
5850 Brannen Rd. S.,Lakeland,Fl
1048 Koko Head Avenue,Honolulu,HI
200 Vandergrift Blvd,Camp Pendleton,CA
1380 El Camino Real,Atascadero,CA
640 Sicklerville Rd,Sicklerville,NJ
460 Forest Avenue,Laguna Beach,CA
318 Warren St.,Brooklyn,NY
861 N. Blackstone St.,Tulare,CA
32161 Yucaipa Boulevard,Yucaipa,CA
3435 N. Cole Road,Boise,ID
39450 3rd St. Est,Palmdale,CA
11718 West Olympic Blvd,Los Angeles,CA
140 Park Street SE,Vienna,VA
9436B Waynesboro Pike,Emmitsburg,MD
7661 County Rd 244,Caldwell,TX
103 W. Q Street,Springfield,OR
4560 Sherman Oaks Avenue,Sherman Oaks,CA
6924 Riverside Drive,Dublin,OH
4470 El Camino Road,Los Altos,CA
10015 Theote Rd,Ft. Belvoir,VA
1518 West Colelge Avenue,State College,PA
2803 Ygnacio Valley Road,Walnut Creek,CA
4340 N. Roan Street,Johnson City,TN
3070 Temple Avenue,Phillips Ranch,CA
1075 Westfield Avenue,Rahway,NJ
2121 E. Foothill Blvd,Pasadena,CA
4813 Arbor Hill Rd.,Canton,GA
5051 W. Craig Road,Las Vegas,NV
2250 S Escondido Boulevard,Escondido,CA
5408 South 12th Avenue,Tucson,AZ
335 Route 35,Selinsgrove,PA
3200 E. Mulberry Street,fort collins,CO
118 Greenwood Avenue,Bloomington,IL
10 W. Loop Road,"Wheaton, IL",CA
5929 East Spring St.,Long Beach,CA
39564 US 19 N,Tarpon Springs,FL
3081 South 5600 West,West Valley,UT
1115 E. Champlain,Fresno,CA
662 Commerce Street,Thornwood,NY
10 W. 7th Street,Upland,CA
5 Allen Street,Hampden,MA
24260 Crenshaw Blvd,Torrance,CA
36 Three Mile Bridge Road,Middlesex,TX
2 Metully Lane,Twin Bridges,MT
24260 Crenshaw Blvd,Torrance,CA
13624 Moorpark Street,Sherman Oaks,CA
555 Morrill Avenue,Reno,NV
5425 Victory Drive,Indianapolis,IN
2025 N Street,Newman,CA
1601 Campus Delivery,Fort Collins,CO
232 First Street,Fort Lupton,CO
715 Cape Coral Parkway,Cape Coral,FL
100 Littleton Rd.,Westford,MA
8555 Curry Ford Road,Orlando,FL
2160 N. University Drive,Coral Springs,FL
2864 Hollywood Blvd,Hollywood,FL
1301 E. Gladstone Avenue,Glendora,CA
4816 Lincoln Blvd,Marina Del Rey,CA
390 State St.,Sunbury,PA
2701 N. Monroe St.,Tallahassee,FL
2235 Lake Avenue,Altadena,CA
18990 McCowan Rd,"Mount Albert, Ontario",ON
21503 South State Hwy 29,Middletown,CA
10701 South Street,Cerritos,CA
893 Expo Bouleverd,Vancouver,BC
"1401 Oak Manor Avenue South, Ste 2",Fargo,ND
3737 Tweedy Blvd,South Gate,CA
7837 6th Street,Wellington,CO
2160 N. University Drive,Coral Springs,FL
3580 Willow Lane,Thousand Oaks,CA
10969 Broadway,Crown Point,IN
2425 Mendocino Avenue,Santa Rosa,CA
24801 Raton Drive,Lake Forest,CA
"20633 Gas Point Road, Ste. E",Cottonwood,CA
2160 N. University Drive,Coral Springs,FL
580 Winters Avenue,Paramus,NJ
22231 S Vermont Avenue,Torrance,CA
3817 Adams Avenue,San Diego,CA
16 Lewyt Street,Port Washinhton,NY
10986 Sierra Avenue,Fontana,CA
14405 Conneaut Lake Road,Meadville,PA
1115 E. Champlain,Fresno,CA
1115 E. Champlain,Fresno,CA
6418 Tupelo Drive,Citrus Heights,CA
8290 E. Crystal Drive,Anaheim,CA
94-1254 Kaahumanu Street,Pearl City,HI
4995 West Bellfort,Houston,TX
1000 NW 27th Avenue,Miami,Fl
701 S Pacific Coast Hwy,Redondo Beach,CA
4990 Manzanita Avenue,Carmichael,CA
10550 Western Avenue,Stanton,CA
6651Backlick Rd.,Springfield,VA
315 Robbinsville-Allentown Road,Robbinsville,NJ
4641 Colorado Blvd,Los Angeles,CA
1400 South Telegraph Rd.,Bloomfield Hills,MI
2409 S. Vineyard Avenue,Ontario,CA
4 hardscrabble Heights,Brewster,NY
201 W. 67th Ct,Loveland,CO
"11950 W. 110th Street, Suite B",Overland Park,KS
9599 Jefferson Blvd,Culver City,CA
1100 Eden Way N 101 B,Chesapeake,VA
6999 Highway 6,Navasota,TX
2700 Lake Vista Drive,Lewisville,TX
One Shields Avenue,Davis,CA
5232 Jackson Drive Suite 105,La Mesa,CA
3484 Shelby Ray Ct.,Charleston,SC
1535 South Sepulveda Blvd,Los Angeles,CA
3444 Sputhside Blvd Suite,Jacksonville,FL
One Shields Avenue,Davis,CA
10435 Sorrento Valley Rd,San Diego,CA
25 Weber Lane,Oxford,PA
3484 Shelby Ray Ct.,Charleston,SC
9599 Jefferson Blvd,Culver City,CA
2001 S. Lincoln Avenue,Urbana,IL
8723 Santa Monica Blvd,West Hollywood,CA
2864 Hollywood Blvd,Hollywood,FL
22595 N Scottsdale Rd,Scottsdale,AZ
14790 Washington Avenue,San Leandro,CA
2551 Warrenville Rd.,Downers Grove,IL
907 Dell Avenue,Campbell,CA
5425 Victory Drive,Indianapolis,IN
18300 Euclid St,Fountain Valley,CA
20051 Ventura Blvd Suite,Woodland Hills,CA
14790 Washington Avenue,San Leandro,CA
1618 Washington Blvd,Fremont,CA
200 Commerce St,Williston,VT
1060 William Moore Drive,Raleigh,NC
3934 Frontage Rd,Three Forks,MT
22595 N. Scottsdale Road,Scottsdale,AZ
3444 Sputhside Blvd Suite,Jacksonville,FL
8042 Katy Fwy,Houston,TX
26 Losee Lane,Rhinebeck,NY
One Shields Avenue,Davis,CA
5796 Paradise Drive,Corte Madera,CA
350 South Huntington Avenue,Boston,MA
2967 N. Moorpark Road,Thousand Oaks,CA
609-5 Cantiague Rock Road,Westbury,NY
7660 Amador Valley Blvd,Dublin,CA
2425 Mendocino Avenue,Santa Rosa,CA
2160 N. University Drive,Coral Springs,FL
32100 N. CAvenue Creek Road,Cave Creek,AZ
2055 Montiel Road Suite ,San Marcos,CA
1648 North Country Club Drive,Mesa,AZ
2409 S. Vineyard Avenue,Ontario,CA
11718 West Olympic Blvd,Los Angeles,CA
5610 Kearney Mesa Road Suite B,San Diego,CA
3123 N. Clybourn Avenue,Chicago,IL
7160 Santa Teresa Boulevard,San Jose,CA
1412 Huntington Drive,South Pasadena,CA
1618 Washington Blvd,Fremont,CA
9801 Old Winery Place,Sacramento,CA
2803 Ygnacio Valley Road,Walnut Creek,CA
3484 Shelby Ray Ct.,Charleston,SC
2225 Township Road,Charlotte,NC
One Shields Avenue,Davis,CA
510 East 62nd Street,New York,NY
19555 North 59th Avenue,Glendale,AZ
2160 N. University Drive,Coral Springs,FL
364 S. Independence Blvd,Virginia Beach,VA
One Pine Street,Tinton Falls,NJ
1133 7th Street,Oakland,CA
2480 Drive Martin Luther King Jr. Parkway,Chico,CA
One Shields Avenue,Davis,CA
3800 Spruce St,Philadelphia,PA
2973 Penryn Road,Penryn,CA
86 W. Juniper Avenue,Gilbert,AZ
6563 Deschutes Rd.,Anderson,CA
10435 Sorrento Valley Road ,San Diego,CA
1371 Reynolds Avenue,Irvine,CA
4641 Colorado Blvd,Los Angeles,CA
4250 Iron Works Pike,Lexington,KY
5610 Kearney Mesa Road,San Diego,CA
One Shields Avenue,Davis,CA
503 E. Sonterra Blvd,San Antonio,TX
1371 Reynolds Avenue,Irvine,CA
1646 Spring Cypress Road,Spring,TX
2409 S. Vineyard Avenue,Ontario,CA
2967 N. Moorpark Road,Thousand Oaks,CA
451 Canyon Del Rey Blvd,Del Rey Oaks,CA
1535 South Sepulveda Blvd,Los Angeles,CA
163 South Service Road,Plainview,NY
2971 Sidco Drive,Nashville,TN
One Shields Avenue,Davis,CA
1601 Campus Delivery,Fort Collins,CO
One Shields Avenue,Davis,CA
94-1254 Kaahumanu Street,Pearl City,HI
123 West Cedar Street,Norwalk,CT
15881 Toro Hills Avenue,Salinas,CA
115 E. Old Settlers Blvd,Round Rock,CA
500 S. Glendora Avenue,Glendora,CA
934 Charter St.,Redwood City,CA
26 Losee Lane,Rhinebeck,NY
7160 Santa Teresa Boulevard,San Jose,CA
2967 N. Moorpark Road,Thousand Oaks,CA
308 W 7200 S.,Midvale,UT
4641 Colorado Blvd,Los Angeles,CA
308 W 7200 S,Midvale,UT
200 Westboro Road,North Grafton,MA
2945 English Place,Chino Hills,CA
27956 State Highway 128,Winters,CA
2991 W Interstate 20,Weatherford,TX
13125 Southfields Road,Wellington,FL
2965 Edinger Avenue,Tustin,CA
301 E. Haley St.,Santa Barbara,CA
9599 Jefferson Blvd,Culver City,CA
1535 South Sepulveda Blvd,Los Angeles,CA
2965 Edinger Avenue,Tustin,CA
315 Robbinsville-Allentown Road,Robbinsville,NJ
1371 Reynolds Avenue,Irvine,CA
2945 English Place,Chino Hills,CA
113 20th Street,Huntington Beach,CA
One Shields Avenue,Davis,CA
2055 Montiel Road Suite ,San Marcos,CA
1371 Reynolds Avenue,Irvine,CA
1535 South Sepulveda Blvd,Los Angeles,CA
1133 7th Street,Oakland,CA
9599 Jefferson Blvd,Culver City,CA
1133 7th Street,Oakland,CA
4641 Colorado Blvd,Los Angeles,CA
4747 SW 60th Avenue,Ocala,FL
11536 Cleveland Avenue,Oakdale,CA
5610 Kearney Mesa Road,San Diego,CA
86 W. Juniper Avenue,Gilbert,AZ
2160 N. University Drive,Coral Springs,FL
One Shields Avenue,Davis,CA
2967 N. Moorpark Road,Thousand Oaks,CA
2945 English Place,Chino Hills,CA
16080 Equine Drive,Nampa,ID
4224 Northern Pike,Monroeville,PA
7410 E. Pinnacle Peak Road,Scottsdale,AZ
2973 Penryn Road,Penryn,CA
3141 N. Twin Oaks Valley Road,San Marcos,CA
601 Vernon Tharp St.,Columbus,OH
2967 N. Moorpark Road,Thousand Oaks,CA
3021 Edinger Avenue,Tustin,CA
2310 Faraday Avenue,Carlsbad,CA
350 South Huntington Avenue,Boston,MA
111 Plainfield Avenue,Elmont,NY
10435 Sorrento Valley Rd,San Diego,CA
2160 N. University Drive,Coral Springs,FL
1515 Busch Parkway,Buffalo Grove,IL
1060 William Moore Drive,Raleigh,NC
197 Hance Avenue,Tinton Falls,NJ
197 Hance Avenue,Tinton Falls,NJ
2317 Hotel Circle South,San Diego,CA
2965 Edinger Avenue,Tustin,CA
5232 Jackson Drive,La Mesa,CA
1535 South Sepulveda Blvd,Los Angeles,CA
2480 Drive Martin Luther King Jr. Parkway,Chico,CA
4310 Sand Canyon Rd,Somis,CA
2425 Mendocino Avenue,Santa Rosa,CA
10 W. 7th Street,Upland,CA
6525 Helen Woodward Way,Rancho Santa Fe,CA
34705 N. 14th Street,Phoenix,AZ
875 6th Street,Norco,CA
2514 Grand Avenue,Glenwood Springs,CO
4641 Colorado Blvd,Los Angeles,CA
7660 Amador Valley Blvd,Dublin,CA
6565 Santa Monica Blvd,Los Angeles,CA
5000 N Jones Blvd,Las Vegas,NV