revenue_source,amount
Property Tax,2297080000
Property Tax,2113630000
Property Tax,1961509000
Property Tax,1833755000
Property Tax,1786069000
Property Tax,1765230000
Property Tax,1644811000
Property Tax,1549568000
Property Tax,1457022000
Property Tax,1436363000
Property Tax,1418870000
Property Tax,1408529000
Licenses Permits Fees and Fines,1335289161
Licenses Permits Fees and Fines,1186881980
Sewer Construction and Maintenance Fund,1177611644
Licenses Permits Fees and Fines,1128045130
Sewer Construction and Maintenance Fund,1092498889
Licenses Permits Fees and Fines,1046994015
Sewer Construction and Maintenance Fund,1040816486
Sewer Construction and Maintenance Fund,999789050
Sewer Construction and Maintenance Fund,921945412
Licenses Permits Fees and Fines,908774878
Licenses Permits Fees and Fines,872713014
Licenses Permits Fees and Fines,832712064
Licenses Permits Fees and Fines,830285944
Sewer Construction and Maintenance Fund,801858911
Licenses Permits Fees and Fines,778176527
Licenses Permits Fees and Fines,769917363
Sewer Construction and Maintenance Fund,757832209
Licenses Permits Fees and Fines,725092271
Licenses Permits Fees and Fines,723126115
Sewer Construction and Maintenance Fund,703467529
Sewer Construction and Maintenance Fund,692749362
Business Tax,686540000
Utility Users Tax,667875000
Sewer Construction and Maintenance Fund,663210876
Utility Users Tax,661200000
Sewer Construction and Maintenance Fund,660315865
Business Tax,654900000
Utility Users Tax,654790000
Utility Users Tax,654600000
Sewer Construction and Maintenance Fund,647189962
Utility Users Tax,641598000
Utility Users Tax,641570000
Utility Users Tax,634000000
Utility Users Tax,631850000
Utility Users Tax,630300000
Utility Users Tax,627832000
Utility Users Tax,622605000
Utility Users Tax,614620000
Sales Tax,591440000
Business Tax,590000000
Sales Tax,557990000
Sales Tax,557055000
Sales Tax,528670000
Sales Tax,520020000
Business Tax,518900000
Business Tax,502300000
Building and Safety Enterprise Fund,501862561
Business Tax,491000000
Business Tax,470728000
Solid Waste Resources Revenue Fund,470717535
Business Tax,459500000
Business Tax,450026000
Solid Waste Resources Revenue Fund,444725334
Business Tax,439219000
Solid Waste Resources Revenue Fund,428762622
Business Tax,426157000
Sales Tax,426120000
Business Tax,411960000
Building and Safety Enterprise Fund,376332149
Sales Tax,374100000
Sales Tax,352790000
Sales Tax,332939000
Proposition A Local Transit Assistance Fund,328721016
Transient Occupancy Tax,326620000
Solid Waste Resources Revenue Fund,326463021
Transient Occupancy Tax,322160000
Solid Waste Resources Revenue Fund,314833357
Solid Waste Resources Revenue Fund,312904849
Sales Tax,306239000
Solid Waste Resources Revenue Fund,304979590
Sales Tax,304243000
Building and Safety Enterprise Fund,303528718
Solid Waste Resources Revenue Fund,298763127
Solid Waste Resources Revenue Fund,295115029
Solid Waste Resources Revenue Fund,293788665
Power Revenue Transfer,291000000
Solid Waste Resources Revenue Fund,289462233
Sales Tax,289412000
Transient Occupancy Tax,282100000
Solid Waste Resources Revenue Fund,281335565
Power Revenue Transfer,275300000
Building and Safety Enterprise Fund,263698889
Power Revenue Transfer,261000000
Power Revenue Transfer,257000000
Power Revenue Transfer,254000000
Power Revenue Transfer,253000000
Power Revenue Transfer,249100000
Transient Occupancy Tax,244860000
Power Revenue Transfer,242500000
Proposition A Local Transit Assistance Fund,241680529
Proposition A Local Transit Assistance Fund,240976729
Transient Occupancy Tax,240800000
Power Revenue Transfer,238000000
Power Revenue Transfer,235600000
Power Revenue Transfer,232000000
Power Revenue Transfer,224100000
Transient Occupancy Tax,221000000
Documentary Transfer Tax,219096000
Documentary Transfer Tax,215835000
Documentary Transfer Tax,214548000
Documentary Transfer Tax,211960000
Proposition A Local Transit Assistance Fund,209136219
Building and Safety Enterprise Fund,206261000
Documentary Transfer Tax,204115000
Documentary Transfer Tax,200184000
Documentary Transfer Tax,196800000
Transient Occupancy Tax,194100000
Building and Safety Enterprise Fund,183322232
Special Gas Tax Street Improvement Fund,178896424
Property Tax - City Levy for Bond Redemption and Interest,174545768
Transient Occupancy Tax,174423000
Special Gas Tax Street Improvement Fund,172374670
Property Tax - City Levy for Bond Redemption and Interest,167395099
Special Gas Tax Street Improvement Fund,166824999
Parking Fines,165191457
Property Tax - City Levy for Bond Redemption and Interest,164475921
Property Tax - City Levy for Bond Redemption and Interest,163385457
Proposition A Local Transit Assistance Fund,161722484
Property Tax - City Levy for Bond Redemption and Interest,160695451
Documentary Transfer Tax,160106000
Sewer Construction and Maintenance Fund,159354337
Transient Occupancy Tax,157808000
Parking Fines,157590000
Proposition A Local Transit Assistance Fund,157509671
Parking Fines,156557000
Parking Fines,153437755
Parking Fines,152000000
Proposition A Local Transit Assistance Fund,149432903
Property Tax - City Levy for Bond Redemption and Interest,148889669
Proposition A Local Transit Assistance Fund,148861089
Building and Safety Enterprise Fund,144845604
Parking Fines,142446013
Parking Fines,141900000
Parking Fines,140900000
Parking Fines,140477000
Property Tax - City Levy for Bond Redemption and Interest,138339047
Building and Safety Enterprise Fund,138037649
Property Tax - City Levy for Bond Redemption and Interest,137526468
Parking Fines,136879000
Solid Waste Resources Revenue Fund,136293538
Transient Occupancy Tax,136200000
Building and Safety Enterprise Fund,135690771
Parking Fines,134000000
Proposition A Local Transit Assistance Fund,133285763
Transient Occupancy Tax,130200000
Property Tax - City Levy for Bond Redemption and Interest,128455723
Solid Waste Resources Revenue Fund,124739257
Proposition A Local Transit Assistance Fund,123829123
Parking Fines,123785000
Transient Occupancy Tax,122700000
Property Tax - City Levy for Bond Redemption and Interest,122623642
Property Tax - City Levy for Bond Redemption and Interest,122494656
Proposition A Local Transit Assistance Fund,122489795
Special Gas Tax Street Improvement Fund,122186073
Parking Occupancy Tax,121900000
Proposition A Local Transit Assistance Fund,121437378
Property Tax - City Levy for Bond Redemption and Interest,119167296
Parking Occupancy Tax,118400000
Solid Waste Resources Revenue Fund,118304987
Transfer from Reserve Fund,117546306
City Employees' Retirement Fund,117461561
Solid Waste Resources Revenue Fund,117163442
Proposition A Local Transit Assistance Fund,116230634
Building and Safety Enterprise Fund,115954709
Special Gas Tax Street Improvement Fund,115200000
Proposition A Local Transit Assistance Fund,114694025
Special Gas Tax Street Improvement Fund,113551000
City Employees' Retirement Fund,113251104
Parking Occupancy Tax,112900000
Special Gas Tax Street Improvement Fund,111785000
Parking Users' Tax,111000000
Documentary Transfer Tax,111000000
City Employees' Retirement Fund,110370050
Building and Safety Enterprise Fund,108816521
Documentary Transfer Tax,107520000
Proposition A Local Transit Assistance Fund,107426501
Documentary Transfer Tax,107000000
Building and Safety Enterprise Fund,106589136
City Employees' Retirement Fund,106456869
Special Gas Tax Street Improvement Fund,105555000
Special Gas Tax Street Improvement Fund,103921000
Parking Users' Tax,103600000
Special Gas Tax Street Improvement Fund,102721000
Prop. C Anti-Gridlock Transit Improvement Fund,102290809
City Employees' Retirement Fund,102213802
City Employees' Retirement Fund,102171275
Parking Occupancy Tax,102000000
Property Tax - Ex-CRA Increment,101114000
Special Gas Tax Street Improvement Fund,100978900
Building and Safety Enterprise Fund,100517551
Documentary Transfer Tax,100000000
Prop. C Anti-Gridlock Transit Improvement Fund,99172876
Parking Users' Tax,98400000
Property Tax - Ex-CRA Increment,97252000
Prop. C Anti-Gridlock Transit Improvement Fund,96234104
Property Tax - Ex-CRA Increment,95900000
Parking Users' Tax,94947000
City Employees' Retirement Fund,93718332
Prop. C Anti-Gridlock Transit Improvement Fund,92318089
Special Gas Tax Street Improvement Fund,92194000
Parking Users' Tax,91728000
Allocations from Other Sources,90636679
Building and Safety Enterprise Fund,89917578
Parking Users' Tax,88200000
City Employees' Retirement Fund,87529621
Sewer Construction and Maintenance Fund,86482323
Building and Safety Enterprise Fund,86186208
Prop. C Anti-Gridlock Transit Improvement Fund,86002318
Parking Users' Tax,85983000
Measure M Local Return Fund,84313605
Sewer Construction and Maintenance Fund,83554609
City Employees' Retirement Fund,82972204
Allocations from Other Sources,82668029
Code Enforcement Trust Fund,82538505
Parking Users' Tax,82300000
Prop. C Anti-Gridlock Transit Improvement Fund,82046094
Franchise Income,81225990
Solid Waste Resources Revenue Fund,80545163
Franchise Income,80240000
Housing Department Affordable Housing Trust Fund,78874193
Franchise Income,78816000
Solid Waste Resources Revenue Fund,77894252
Stormwater Program Funds,77830177
City Employees' Retirement Fund,77618048
Prop. C Anti-Gridlock Transit Improvement Fund,76893531
Street Lighting Maintenance Assessment Fund,75252214
Street Lighting Maintenance Assessment Fund,75094895
Sewer Construction and Maintenance Fund,74926263
Property Tax - Ex-CRA Increment,74168000
Prop. C Anti-Gridlock Transit Improvement Fund,73061199
Allocations from Other Sources,71599623
Proposition A Local Transit Assistance Fund,71546655
Street Lighting Maintenance Assessment Fund,71507289
City Employees' Retirement Fund,71310325
Prop. C Anti-Gridlock Transit Improvement Fund,71137883
Prop. C Anti-Gridlock Transit Improvement Fund,70788194
Street Damage Restoration Fee Fund,70707721
Street Damage Restoration Fee Fund,70500728
Building and Safety Enterprise Fund,70313119
Allocations from Other Sources,69771403
Allocations from Other Sources,69242793
Prop. C Anti-Gridlock Transit Improvement Fund,68722600
Solid Waste Resources Revenue Fund,67686935
Prop. C Anti-Gridlock Transit Improvement Fund,67244000
Measure R Traffic Relief and Rail Expansion Fund,66189842
Stormwater Program Funds,65842480
Code Enforcement Trust Fund,65563732
Allocations from Other Sources,64570260
Proposition A Local Transit Assistance Fund,64305547
Sewer Construction and Maintenance Fund,63658032
Sewer Construction and Maintenance Fund,63362950
Code Enforcement Trust Fund,63079902
Street Lighting Maintenance Assessment Fund,62280336
Measure R Traffic Relief and Rail Expansion Fund,61792414
Sewer Construction and Maintenance Fund,61753344
Street Lighting Maintenance Assessment Fund,61614138
Special Parking Revenue Transfer,61371000
Street Lighting Maintenance Assessment Fund,61044333
Disaster Assistance Trust Fund,60805184
Street Lighting Maintenance Assessment Fund,60677901
Transfer from Reserve Fund,60312889
Citywide Recycling Fund,60267598
Measure R Traffic Relief and Rail Expansion Fund,58858903
City Employees' Retirement Fund,58804418
Measure M Local Return Fund,58439632
Franchise Income,58123000
Special Parking Revenue Fund,58120769
Special Parking Revenue Transfer,56893180
Disaster Assistance Trust Fund,56850000
Special Parking Revenue Fund,56766787
Special Parking Revenue Transfer,56500000
Sewer Construction and Maintenance Fund,56372068
Allocations from Other Sources,56043109
Special Parking Revenue Fund,55892982
Special Parking Revenue Fund,55768432
Property Tax - Ex-CRA Increment,55434000
Special Parking Revenue Fund,55266148
Stormwater Pollution Abatement Fund,55005121
Property Tax - Ex-CRA Increment,54594000
Street Lighting Maintenance Assessment Fund,54102520
Street Damage Restoration Fee Fund,54075000
Citywide Recycling Fund,53421595
Street Lighting Maintenance Assessment Fund,53121977
Street Lighting Maintenance Assessment Fund,52893650
Property Tax - Ex-CRA Increment,52580000
Special Parking Revenue Fund,52577091
Citywide Recycling Fund,52312582
Street Lighting Maintenance Assessment Fund,52214330
Measure R Traffic Relief and Rail Expansion Fund,52134663
Citywide Recycling Fund,51645728
Code Enforcement Trust Fund,50810381
Proposition A Local Transit Assistance Fund,50586313
Franchise Income,49479000
Measure R Traffic Relief and Rail Expansion Fund,49165465
Street Lighting Maintenance Assessment Fund,49116144
Local Public Safety Fund,48889996
Allocations from Other Sources,48869390
Code Enforcement Trust Fund,48687800
Property Tax - Ex-CRA Increment,48600000
Franchise Income,48100000
Property Tax - Ex-CRA Increment,48023000
Franchise Income,47402000
Measure M Local Return Fund,46776991
Franchise Income,45623198
Interest,45541000
Local Public Safety Fund,45425493
Measure R Traffic Relief and Rail Expansion Fund,45400000
Measure R Traffic Relief and Rail Expansion Fund,45236142
Measure R Traffic Relief and Rail Expansion Fund,44974000
Disaster Assistance Trust Fund,44710167
Allocations from Other Sources,44304762
Allocations from Other Sources,44142315
Local Public Safety Fund,44046000
Special Parking Revenue Fund,43952113
Special Parking Revenue Fund,43850295
Local Public Safety Fund,43585631
Local Public Safety Fund,43585631
Local Public Safety Fund,43250000
Franchise Income,43153000
Franchise Income,42618000
Citywide Recycling Fund,42475857
Building and Safety Enterprise Fund,42459803
Measure R Traffic Relief and Rail Expansion Fund,42400000
Franchise Income,42180000
Special Parking Revenue Fund,41810000
Code Enforcement Trust Fund,41550000
Code Enforcement Trust Fund,41550000
Disaster Assistance Trust Fund,41000000
Local Public Safety Fund,40750000
Sewer Construction and Maintenance Fund,40417779
Code Enforcement Trust Fund,39728095
Measure M Local Return Fund,39100000
Code Enforcement Trust Fund,38905000
Special Parking Revenue Transfer,38632909
Citywide Recycling Fund,38348693
Local Public Safety Fund,38121000
Measure R Traffic Relief and Rail Expansion Fund,37820000
Stormwater Pollution Abatement Fund,37718917
Planning Case Processing Revenue Fund,37670662
Code Enforcement Trust Fund,37528986
Planning Case Processing Revenue Fund,37354893
Allocations from Other Sources,36758967
Interest,36700000
Community Development Trust Fund,36119913
Convention Center Revenue Fund,35909702
Stormwater Pollution Abatement Fund,35901568
Planning Case Processing Revenue Fund,35700000
Local Public Safety Fund,35500000
Community Development Trust Fund,35456611
Measure R Traffic Relief and Rail Expansion Fund,35384288
Transfer from Reserve Fund,35182244
Special Parking Revenue Transfer,35142475
Special Gas Tax Fund,35088834
Special Parking Revenue Fund,35077627
Stormwater Pollution Abatement Fund,34996528
Planning Case Processing Revenue Fund,34995854
Code Enforcement Trust Fund,34885839
Interest,34613000
Community Development Trust Fund,34222682
Convention Center Revenue Fund,34183381
Code Enforcement Trust Fund,33092200
Local Public Safety Fund,33000000
Local Public Safety Fund,32850000
Stormwater Pollution Abatement Fund,32778392
Code Enforcement Trust Fund,32745806
Special Parking Revenue Transfer,32577000
Citywide Recycling Fund,32342427
Code Enforcement Trust Fund,32340675
Interest,32137000
Special Parking Revenue Transfer,32115566
Planning Case Processing Revenue Fund,31773451
Solid Waste Resources Revenue Fund,31723580
L.A. Convention and Visitors Bureau Fund,31014466
Stormwater Pollution Abatement Fund,30915831
Telecommunications Development Account,30857120
Special Parking Revenue Transfer,30635342
Citywide Recycling Fund,30543759
Convention Center Revenue Fund,30481784
Stormwater Pollution Abatement Fund,30429000
Code Enforcement Trust Fund,30346377
Citywide Recycling Fund,30293657
Zoo Enterprise Fund,30290876
Stormwater Pollution Abatement Fund,30242663
Building and Safety Enterprise Fund,30203107
Stormwater Pollution Abatement Fund,30006000
Code Enforcement Trust Fund,29594866
Stormwater Pollution Abatement Fund,29474964
Special Parking Revenue Fund,29398020
Convention Center Revenue Fund,29187723
L.A. Convention and Visitors Bureau Fund,29008895
Local Public Safety Fund,29000000
Citywide Recycling Fund,28993357
Citywide Recycling Fund,28133010
Special Parking Revenue Transfer,28062866
Arts and Cultural Facilities and Services Fund,28051846
Zoo Enterprise Trust Fund,27814751
Convention Center Revenue Fund,27794692
Special Parking Revenue Transfer,27720568
Rent Stabilization Trust Fund,27672283
Convention Center Revenue Fund,27656632
Community Development Trust Fund,27363366
Convention Center Revenue Fund,27201620
Arts and Cultural Facilities and Services Fund,27018326
Community Development Trust Fund,26878437
Citywide Recycling Fund,26752891
Disaster Assistance Trust Fund,26568155
Rent Stabilization Trust Fund,26512698
Citywide Recycling Fund,26144764
Rent Stabilization Trust Fund,25922356
Convention Center Revenue Fund,25600000
Citywide Recycling Fund,25350000
Planning Case Processing Revenue Fund,24912139
Citywide Recycling Fund,24701996
Disaster Assistance Trust Fund,24631058
Community Development Trust Fund,24533183
Convention Center Revenue Fund,24500000
Sidewalk Repair Fund,24289959
Building and Safety Enterprise Fund,24253094
Convention Center Revenue Fund,24083248
Proposition A Local Transit Assistance Fund,24048805
Convention Center Revenue Fund,24000000
Interest,23957000
Citywide Recycling Fund,23802316
Telecommunications Development Account,23758767
Citywide Recycling Fund,23749166
Telecommunications Development Account,23428135
Sidewalk Repair Fund,23306000
Special Parking Revenue Fund,23289753
Rent Stabilization Trust Fund,23072000
Zoo Enterprise Fund,22956602
Special Parking Revenue Fund,22874000
Measure R Traffic Relief and Rail Expansion Fund,22790270
Arts and Cultural Facilities and Services Fund,22757572
Special Gas Tax Fund,22572099
Community Development Trust Fund,22495657
Code Enforcement Trust Fund,22428994
Telecommunications Development Account,22232289
Interest,22080000
Arts and Cultural Facilities and Services Fund,22024406
Community Development Trust Fund,21910312
Telecommunications Development Account,21895235
Citywide Recycling Fund,21772595
L. A.  Convention and Visitors Bureau Fund,21700000
Special Police Comm./911 System Tax Fund,21609356
Citywide Recycling Fund,21606335
Community Development Trust Fund,21529909
Citywide Recycling Fund,21506000
Citywide Recycling Fund,21506000
Disaster Assistance Trust Fund,21475000
Zoo Enterprise Fund,21279709
Measure R Traffic Relief and Rail Expansion Fund,21240694
Special Police Comm./911 System Tax Fund,21239435
Central Recycling and Transfer Fund,21197386
Community Development Trust Fund,20535490
Zoo Enterprise Fund,20526113
Community Development Trust Fund,20444312
Disaster Assistance Trust Fund,20234837
Disaster Assistance Trust Fund,20173281
Arts and Cultural Facilities and Services Fund,20077260
Planning Case Processing Revenue Fund,19920398
Special Police Comm./911 System Tax Fund,19882223
Telecommunications Development Account,19832472
Zoo Enterprise Fund,19771545
Grants Receipts,19762428
Telecommunications Development Account,19704181
Community Development Trust Fund,19407771
Zoo Enterprise Fund,19324665
Workforce Investment Act,19286955
Workforce Investment Act,19046097
Interest,18900000
L. A.  Convention and Visitors Bureau Fund,18835385
Cannabis Regulation Special Revenue Trust Fund,18787582
Workforce Investment Act,18779430
Measure R Traffic Relief and Rail Expansion Fund,18711272
L. A.  Convention and Visitors Bureau Fund,18523077
Telecommunications Development Account,18470000
Telecommunications Development Account,18400000
Telecommunications Development Account,18339000
Solid Waste Resources Revenue Fund,18296346
Zoo Enterprise Fund,18283477
Adopted Budget General Fund Revisions,18114764
Zoo Enterprise Fund,17861512
Zoo Enterprise Fund,17827862
Workforce Investment Act,17638307
Interest,17600000
Telecommunications Development Account,17512810
Zoo Enterprise Fund,17405046
Prop. C Anti-Gridlock Transit Improvement Fund,17383438
Arts and Cultural Facilities and Services Fund,17372880
Disaster Assistance Trust Fund,17300000
Workforce Innovation Opportunity Act Fund,17252375
Central Recycling and Transfer Fund,17198011
Workforce Innovation Opportunity Act Fund,17192925
Special Parking Revenue Fund,17175191
Cannabis Regulation Special Revenue Trust Fund,17165000
Disaster Assistance Trust Fund,17043638
Workforce Innovation Opportunity Act Fund,16972269
Workforce Investment Act,16822900
Workforce Investment Act,16780876
Workforce Innovation Opportunity Act Fund,16663434
L. A.  Convention and Visitors Bureau Fund,16615000
Measure R Traffic Relief and Rail Expansion Fund,16572000
Special Parking Revenue Transfer,16509000
Planning Case Processing Revenue Fund,16304500
Accessible Housing Fund,16134422
Sidewalk Repair Fund,16106516
Planning Case Processing Revenue Fund,16072000
Grants Receipts,16000000
Special Parking Revenue Fund,15970673
Zoo Enterprise Fund,15845101
Fines--State Vehicle Code,15744000
Grants Receipts,15729000
Accessible Housing Fund,15675955
Planning Case Processing Revenue Fund,15400000
Arts and Cultural Facilities and Services Fund,15273725
Multi-Family Bulky Item Fund,15121144
Accessible Housing Fund,15113289
Multi-Family Bulky Item Fund,15091083
Special Parking Revenue Fund,15055074
L. A.  Convention and Visitors Bureau Fund,14931000
Street Lighting Maintenance Asmt. Fund,14800335
Supplemental Law Enforcement Services Fund,14782405
Rent Stabilization Trust Fund,14723950
State Motor Vehicle License Fees,14700000
Sidewalk Repair Fund,14675775
Interest,14621000
Rent Stabilization Trust Fund,14571450
Rent Stabilization Trust Fund,14429625
Planning Case Processing Revenue Fund,14404112
Rent Stabilization Trust Fund,14400000
Rent Stabilization Trust Fund,14340737
Interest,14280000
Workforce Investment Act,14118017
Disaster Assistance Trust Fund,14088951
Telecommunications Development Account,14068478
Planning Case Processing Revenue Fund,14062000
Planning Case Processing Revenue Fund,13977203
Street Lighting Maintenance Asmt. Fund,13946481
Supplemental Law Enforcement Services,13778229
Sidewalk Repair Fund,13749370
Measure R Traffic Relief and Rail Expansion Fund,13655007
Arts and Cultural Facilities and Services Fund,13623741
Code Enforcement Trust Fund,13517019
Interest,13491000
Housing Department Affordable Housing Trust Fund,13455147
L. A.  Convention and Visitors Bureau Fund,13417000
Prop. C Anti-Gridlock Transit Improvement Fund,13368497
Fines--State Vehicle Code,13200000
Street Lighting Maintenance Asmt. Fund,13172247
Fines--State Vehicle Code,13120939
Special Gas Tax Fund,12995798
Telecommunications Development Account,12673944
Grants Receipts,12520619
Measure M Local Return Fund,12441856
Franchise Income,12400000
Arts and Cultural Facilities and Services Fund,12267264
Tobacco Settlement,12166000
L. A.  Convention and Visitors Bureau Fund,12139000
Grants Receipts,12042000
Grants Receipts,12003184
State Motor Vehicle License Fees,12000000
State Motor Vehicle License Fees,12000000
Multi-Family Bulky Item Fund,11983486
Disaster Assistance Trust Fund,11929526
Telecommunications Development Account,11859422
Code Enforcement Trust Fund,11733965
Local Transportation Fund,11492084
Prop. C Anti-Gridlock Transit Improvement Fund,11453736
Rent Stabilization Trust Fund,11317030
Tobacco Settlement,11300000
Housing Department Affordable Housing Trust Fund,11162180
Rent Stabilization Trust Fund,11054510
Fines--State Vehicle Code,11000000
Tobacco Settlement,10952000
Tobacco Settlement,10952000
Staples Arena Special Fund,10873203
Rent Stabilization Trust Fund,10826548
Workforce Investment Act,10719011
Staples Arena Special Fund,10677908
Supplemental Law Enforcement Services Fund,10665170
Prop. C Anti-Gridlock Transit Improvement Fund,10629539
Tobacco Settlement,10615000
Forfeited Assets Trust Fund,10597113
Arts and Cultural Facilities and Services Fund,10592219
Street Damage Restoration Fee Fund,10584956
Interest,10510000
Code Enforcement Trust Fund,10487637
L. A.  Convention and Visitors Bureau Fund,10477000
Rent Stabilization Trust Fund,10414600
Central Recycling and Transfer Fund,10298463
Grants Receipts,10240000
Housing Department Affordable Housing Trust Fund,10185000
Arts and Cultural Facilities and Services Fund,10183345
Street Damage Restoration Fee Fund,10069000
Grants Receipts,10050000
Special Parking Revenue Fund,10044679
L. A.  Convention and Visitors Bureau Fund,10015000
Prop. C Anti-Gridlock Transit Improvement Fund,10006117
Special Parking Revenue Transfer,10000000
Central Recycling and Transfer Fund,9917721
Grants Receipts,9820000
Staples Arena Special Fund,9743344
Rent Stabilization Trust Fund,9720690
Planning Case Processing Revenue Fund,9711055
Rent Stabilization Trust Fund,9599114
Arts and Cultural Facilities and Services Fund,9585000
Tobacco Settlement,9500000
Housing Department Affordable Housing Trust Fund,9500000
L. A.  Convention and Visitors Bureau Fund,9438461
Building and Safety Enterprise Fund,9312754
Mobile Source Air Pollution Reduction Fund,9271670
Grants Receipts,9200000
Transfer from Reserve Fund,9107662
Tobacco Settlement,9106000
Tobacco Settlement,9106000
Tobacco Settlement,9106000
Tobacco Settlement,9084000
Household Hazardous Waste Special Fund,9011422
Tobacco Settlement,9006000
Transfer from Reserve Fund,8939164
Telecommunications Development Account,8930680
Telecommunications Development Account,8820642
Tobacco Settlement,8700000
Convention Center Revenue Fund,8622230
Allocations from Other Sources,8566013
Building and Safety Enterprise Fund,8529123
Grants Receipts,8500000
Disaster Assistance Trust Fund,8472862
Supplemental Law Enforcement Services,8442724
Housing Department Affordable Housing Trust Fund,8363923
Street Damage Restoration Fee Fund,8310000
Fines--State Vehicle Code,8263551
Rent Stabilization Trust Fund,8236104
Household Hazardous Waste Special Fund,8179050
Staples Arena Special Fund,8114047
Multi-Family Bulky Item Fund,8040299
Transfer from Budget Stabilization Fund,8029121
Staples Arena Special Fund,8015204
Street Damage Restoration Fee Fund,8014000
Municipal Housing Finance Fund,8005052
Rent Stabilization Trust Fund,7814005
Disaster Assistance Trust Fund,7787952
Local Transportation Fund,7759000
Street Damage Restoration Fee Fund,7693000
Transfer from Telecommunications Dev. Account,7650000
Planning Case Processing Revenue Fund,7646949
Street Lighting Maintenance Asmt. Fund,7608396
Central Recycling and Transfer Fund,7583454
Disaster Assistance Trust Fund,7509405
Neighborhood Empowerment Fund,7465540
Street Lighting Maintenance Asmt. Fund,7444747
Multi-Family Bulky Item Fund,7428855
Multi-Family Bulky Item Fund,7380000
Street Damage Restoration Fee Fund,7373000
Multi-Family Bulky Item Fund,7329367
Fines--State Vehicle Code,7260000
Multi-Family Bulky Item Fund,7252385
HOME Investment Partnerships Program Fund,7169399
Municipal Housing Finance Fund,7031000
Disaster Assistance Trust Fund,7024447
Multi-Family Bulky Item Fund,7020757
Multi-Family Bulky Item Fund,7017649
Rent Stabilization Trust Fund,7016933
Disaster Assistance Trust Fund,7014266
Street Lighting Maintenance Asmt. Fund,7010039
Fines--State Vehicle Code,7000000
Mobile Source Air Pollution Reduction Fund,6966628
Supplemental Law Enforcement Services Fund,6961930
Street Lighting Maintenance Asmt. Fund,6918799
HOME Investment Partnerships Program Fund,6824159
Forfeited Assets Trust Fund,6785366
Measure R Traffic Relief and Rail Expansion Fund,6723854
HOME Investment Partnerships Program Fund,6642148
Municipal Housing Finance Fund,6586015
Multi-Family Bulky Item Fund,6580000
Sidewalk Repair Fund,6576165
Rent Stabilization Trust Fund,6549787
Multi-Family Bulky Item Fund,6521339
Forfeited Assets Trust Fund,6517938
Central Recycling and Transfer Fund,6511696
Municipal Housing Finance Fund,6496808
Forfeited Assets Trust Fund,6483592
Rent Stabilization Trust Fund,6483117
Proposition A Local Transit Assistance Fund,6452479
HOME Investment Partnerships Program Fund,6450646
Multi-Family Bulky Item Fund,6450000
Housing Department Affordable Housing Trust Fund,6415317
Supplemental Law Enforcement Services,6410354
Supplemental Law Enforcement Services,6407000
Forfeited Assets Trust Fund,6375263
Multi-Family Bulky Item Fund,6367000
Neighborhood Empowerment Fund,6308364
Transfer from Telecommunications Dev. Account,6223000
Grants Receipts,6192664
Special Parking Revenue Fund,6175629
Local Transportation Fund,6172212
Neighborhood Empowerment Fund,6141883
Central Recycling and Transfer Fund,6100000
HOME Investment Partnerships Program Fund,6094582
HOME Investment Partnerships Program Fund,6091386
Measure R Traffic Relief and Rail Expansion Fund,6089285
Arts Development Fee Trust Fund,6078727
Staples Arena Special Fund,6030000
HOME Investment Partnerships Program Fund,6028322
Staples Arena Special Fund,5997113
Neighborhood Empowerment Fund,5950166
City Employees Ridesharing Fund,5913159
Transfer from Reserve Fund,5791190
Household Hazardous Waste Special Fund,5776127
Disaster Assistance Trust Fund,5769754
Transit Occupancy Tax Airbnb,5769000
Accessible Housing Fund,5728130
HOME Investment Partnerships Program Fund,5624723
Arts and Cultural Facilities and Services Fund,5622282
Fines--State Vehicle Code,5590000
Special Gas Tax Fund,5584941
Staples Arena Special Fund,5580045
City Employees Ridesharing Fund,5569812
Neighborhood Empowerment Fund,5567617
Forfeited Assets Trust Fund,5551189
Street Damage Restoration Fee Fund,5542460
HOME Investment Partnerships Program Fund,5498893
Mobile Source Air Pollution Reduction Fund,5435079
El Pueblo Revenue Fund,5414239
Street Damage Restoration Fee Fund,5397000
El Pueblo Revenue Fund,5395526
Street Damage Restoration Fee Fund,5336000
Forfeited Assets Trust Fund,5328984
Central Recycling and Transfer Fund,5328225
Mobile Source Air Pollution Reduction Fund,5325000
HOME Investment Partnerships Program Fund,5321540
Neighborhood Empowerment Fund,5291545
Residential Development Tax,5280000
El Pueblo Revenue Fund,5276807
Household Hazardous Waste Special Fund,5275048
Landfill Maintenance Special Fund,5240480
Transfer from Telecommunications Dev. Account,5223022
Transfer from Telecommunications Dev. Account,5220000
Street Lighting Maintenance Asmt. Fund,5121922
Arts Development Fee Trust Fund,5107265
Transfer from Telecommunications Dev. Account,5077022
Special Parking Revenue Fund,5068039
Supplemental Law Enforcement Services,5060000
Fines--State Vehicle Code,5054000
Supplemental Law Enforcement Services,5051500
Street Damage Restoration Fee Fund,5047995
Residential Development Tax,5020000
HOME Investment Partnerships Program Fund,5018122
Rent Stabilization Trust Fund,5016961
Convention Center Revenue Fund,5000000
Convention Center Revenue Fund,5000000
Convention Center Revenue Fund,4999862
Landfill Maintenance Special Fund,4935261
Transfer from Telecommunications Dev. Account,4915000
Central Recycling and Transfer Fund,4905000
El Pueblo Revenue Fund,4882958
El Pueblo Revenue Fund,4859619
Forfeited Assets Trust Fund,4858320
Landfill Maintenance Special Fund,4837000
El Pueblo Revenue Fund,4831960
Street Lighting Maintenance Asmt. Fund,4828298
Municipal Housing Finance Fund,4827722
Residential Development Tax,4800000
Mobile Source Air Pollution Reduction Fund,4783557
El Pueblo Revenue Fund,4754000
Mobile Source Air Pollution Reduction Fund,4750000
Residential Development Tax,4740000
Residential Development Tax,4740000
Mobile Source Air Pollution Reduction Fund,4724918
Mobile Source Air Pollution Reduction Fund,4715000
Mobile Source Air Pollution Reduction Fund,4713740
Mobile Source Air Pollution Reduction Fund,4698000
El Pueblo Revenue Fund,4646078
Landfill Maintenance Special Fund,4632252
Mobile Source Air Pollution Reduction Fund,4631000
Special Gas Tax Fund,4629437
El Pueblo Revenue Fund,4623667
Mobile Source Air Pollution Reduction Fund,4602076
Landfill Maintenance Special Fund,4599748
Prop. C Anti-Gridlock Transit Improvement Fund,4591119
Multi-Family Bulky Item Fund,4535130
Planning Case Processing Revenue Fund,4529479
El Pueblo Revenue Fund,4507398
El Pueblo Revenue Fund,4461686
Neighborhood Empowerment Fund,4459079
Municipal Housing Finance Fund,4437592
Landfill Maintenance Special Fund,4425420
El Pueblo Revenue Fund,4399611
HOME Investment Partnerships Program Fund,4372455
Local Transportation Fund,4361605
Forfeited Assets Trust Fund,4318895
Local Transportation Fund,4315419
Disaster Assistance Trust Fund,4272844
Neighborhood Empowerment Fund,4241660
Landfill Maintenance Special Fund,4236431
Staples Arena Special Fund,4184998
Multi-Family Bulky Item Fund,4184345
Staples Arena Special Fund,4150000
Local Transportation Fund,4146558
Traffic Safety Fund,4100000
Fines--State Vehicle Code,4100000
Fines--State Vehicle Code,4100000
Supplemental Law Enforcement Services,4098000
Landfill Maintenance Special Fund,4094890
Staples Arena Special Fund,4090000
Supplemental Law Enforcement Services Fund,4061302
Local Transportation Fund,4057910
Staples Arena Special Fund,4049000
Staples Arena Special Fund,4035000
Stormwater Pollution Abatement Fund,4007207
Special Gas Tax Fund,3988312
Staples Arena Special Fund,3965859
Local Transportation Fund,3910160
Forfeited Assets Trust Fund,3893765
Municipal Housing Finance Fund,3877530
Staples Arena Special Fund,3842653
Special Police Comm./911 System Tax Fund,3828184
City Ethics Commission Fund,3735975
Residential Development Tax,3693000
Special Gas Tax Fund,3683676
Household Hazardous Waste Special Fund,3670993
Staples Arena Special Fund,3631014
Transfer from Reserve Fund,3616627
Zoo Enterprise Trust Fund,3613245
Municipal Housing Finance Fund,3576000
Special Parking Revenue Fund,3573347
Neighborhood Empowerment Fund,3557147
Central Recycling and Transfer Fund,3553421
Local Transportation Fund,3545740
Supplemental Law Enforcement Services,3538698
City Employees Ridesharing Fund,3527100
City Ethics Commission Fund,3501586
Park and Recreational Sites and Facilities Fund,3500000
Park and Recreational Sites and Facilities Fund,3500000
Multi-Family Bulky Item Fund,3482706
City Employees Ridesharing Fund,3480752
City Ethics Commission Fund,3459569
Staples Arena Special Fund,3419334
City Employees Ridesharing Fund,3399500
Household Hazardous Waste Special Fund,3395000
City Employees Ridesharing Fund,3394000
Supplemental Law Enforcement Services Fund,3393558
Street Damage Restoration Fee Fund,3393217
Household Hazardous Waste Special Fund,3393000
Household Hazardous Waste Special Fund,3393000
Household Hazardous Waste Special Fund,3393000
L.A. Convention and Visitors Bureau Fund,3366709
Arts Development Fee Trust Fund,3358779
City Employees Ridesharing Fund,3347339
City Employees Ridesharing Fund,3329609
City Employees Ridesharing Fund,3310000
Residential Development Tax,3280000
Municipal Housing Finance Fund,3274000
City Employees Ridesharing Fund,3238837
Central Recycling and Transfer Fund,3232110
Household Hazardous Waste Special Fund,3226800
State Motor Vehicle License Fees,3197538
Staples Arena Special Fund,3150000
Stormwater Pollution Abatement Fund,3138250
Forfeited Assets Trust Fund,3096181
Neighborhood Empowerment Fund,3080188
City Ethics Commission Fund,3075429
Prop. C Anti-Gridlock Transit Improvement Fund,3062713
Central Recycling and Transfer Fund,3056134
City Ethics Commission Fund,3053968
Household Hazardous Waste Special Fund,3038895
City Employees Ridesharing Fund,3010000
Park and Recreational Sites and Facilities Fund,3000000
City Employees Ridesharing Fund,2997000
L.A. Convention and Visitors Bureau Fund,2993359
Stormwater Program Funds,2956215
Household Hazardous Waste Special Fund,2951716
Central Recycling and Transfer Fund,2931476
Supplemental Law Enforcement Services Fund,2928948
Local Transportation Fund,2913652
Older Americans Act Fund,2892529
Mobile Source Air Pollution Reduction Fund,2879181
Older Americans Act Fund,2865906
Major Projects Review Trust Fund,2855798
Local Transportation Fund,2848790
L.A. Convention and Visitors Bureau Fund,2838424
Older Americans Act Fund,2827098
Street Damage Restoration Fee Fund,2826207
Older Americans Act Fund,2824648
L.A. Convention and Visitors Bureau Fund,2822221
Local Transportation Fund,2810585
Measure R Traffic Relief and Rail Expansion Fund,2766491
Neighborhood Empowerment Fund,2761537
Park and Recreational Sites and Facilities Fund,2750000
Older Americans Act Fund,2746480
Older Americans Act Fund,2741038
Household Hazardous Waste Special Fund,2733964
City Ethics Commission Fund,2730673
Special Police Comm./911 System Tax Fund,2727272
Local Transportation Fund,2723776
Planning Case Processing Revenue Fund,2661000
Older Americans Act Fund,2623207
Older Americans Act Fund,2614461
Neighborhood Empowerment Fund,2595396
City Employees Ridesharing Fund,2574692
Sidewalk Repair Fund,2548630
Municipal Housing Finance Fund,2524336
Arts Development Fee Trust Fund,2523918
Park and Recreational Sites and Facilities Fund,2500000
Older Americans Act Fund,2494371
Central Recycling and Transfer Fund,2479280
Park and Recreational Sites and Facilities Fund,2470000
City Ethics Commission Fund,2452515
Zoo Enterprise Trust Fund,2440491
Efficiency and Police Hires Fund,2434126
Local Transportation Fund,2430606
Central Recycling and Transfer Fund,2424387
Code Compliance Fund,2415101
City Ethics Commission Fund,2404882
Code Compliance Fund,2338342
Older Americans Act Fund,2326382
Local Public Safety Fund,2314000
L.A. Convention and Visitors Bureau Fund,2310265
Stormwater Pollution Abatement Fund,2305486
Landfill Maintenance Trust Fund,2300038
Multi-Family Bulky Item Fund,2294607
Zoo Enterprise Trust Fund,2278259
Older Americans Act Fund,2268077
Community Services Administration Grant,2259224
Older Americans Act Fund,2247091
Stormwater Pollution Abatement Fund,2241551
Central Recycling and Transfer Fund,2197833
Special Police Comm./911 System Tax Fund,2187280
Central Recycling and Transfer Fund,2155189
Local Transportation Fund,2155125
Mobile Source Air Pollution Reduction Fund,2141368
State Motor Vehicle License Fees,2127000
City Ethics Commission Fund,2125825
City Ethics Commission Fund,2109024
Residential Development Tax,2100000
State Motor Vehicle License Fees,2100000
Residential Development Tax,2100000
Housing Department Affordable Housing Trust Fund,2096000
Local Transportation Fund,2067333
Zoo Enterprise Trust Fund,2044775
Municipal Housing Finance Fund,2024771
Household Hazardous Waste Special Fund,2012662
Household Hazardous Waste Special Fund,2006810
Park and Recreational Sites and Facilities Fund,2000000
Community Services Administration Grant,1976485
Forfeited Assets Trust Fund,1972162
Household Hazardous Waste Special Fund,1968356
Arts Development Fee Trust Fund,1960000
Community Services Administration Grant,1949584
State Motor Vehicle License Fees,1946000
Community Services Administration Grant,1944136
Housing Department Affordable Housing Trust Fund,1933000
Household Hazardous Waste Special Fund,1911210
Residential Development Tax,1905000
Telecommunications Development Account,1871736
City Ethics Commission Fund,1866479
Staples Arena Special Fund,1856830
City Ethics Commission Fund,1848864
Community Services Administration Grant,1837449
Measure R Traffic Relief and Rail Expansion Fund,1836473
State Motor Vehicle License Fees,1806000
Community Services Administration Grant,1800000
Major Projects Review Trust Fund,1761000
Household Hazardous Waste Special Fund,1734875
Housing Department Affordable Housing Trust Fund,1718902
Zoo Enterprise Trust Fund,1716430
Street Damage Restoration Fee Fund,1711156
State Motor Vehicle License Fees,1700000
Residential Development Tax,1700000
Residential Development Tax,1700000
Staples Arena Special Fund,1699451
State Motor Vehicle License Fees,1678000
Arts Development Fee Trust Fund,1663000
Local Public Safety Fund,1660463
Neighborhood Empowerment Fund,1597371
State Motor Vehicle License Fees,1596590
Community Services Administration Grant,1596503
Landfill Maintenance Trust Fund,1591503
Community Services Administration Grant,1591140
Local Public Safety Fund,1588490
Neighborhood Empowerment Fund,1563683
Landfill Maintenance Trust Fund,1545431
Telecommunications Development Account,1530220
Community Services Administration Grant,1519474
L.A. Convention and Visitors Bureau Fund,1513373
Housing Department Affordable Housing Trust Fund,1500169
Code Compliance Fund,1500000
Supplemental Law Enforcement Services,1500000
L.A. Convention and Visitors Bureau Fund,1490367
Municipal Housing Finance Fund,1470033
Community Services Administration Grant,1460392
Landfill Maintenance Trust Fund,1444297
City Employees Ridesharing Fund,1425671
L.A. Convention and Visitors Bureau Fund,1401767
L.A. Convention and Visitors Bureau Fund,1396971
Stormwater Pollution Abatement Fund,1396758
Local Public Safety Fund,1363950
Municipal Housing Finance Fund,1362306
Community Services Administration Grant,1360392
Community Services Administration Grant,1333627
Municipal Housing Finance Fund,1320600
Municipal Housing Finance Fund,1320000
Mobile Source Air Pollution Reduction Fund,1289168
Street Damage Restoration Fee Fund,1285371
Neighborhood Empowerment Fund,1279585
Adopted Budget Spevial Fund Revisions,1277984
Municipal Housing Finance Fund,1276500
Arts Development Fee Trust Fund,1275000
Code Enforcement Trust Fund,1267350
Supplemental Law Enforcement Services Fund,1258932
Special Gas Tax Fund,1252650
Multi-Family Bulky Item Fund,1245011
Municipal Housing Finance Fund,1226756
Arts Development Fee Trust Fund,1222680
L.A. Convention and Visitors Bureau Fund,1220031
Park and Recreational Sites and Facilities Fund,1200000
Park and Recreational Sites and Facilities Fund,1200000
Park and Recreational Sites and Facilities Fund,1200000
Housing Department Affordable Housing Trust Fund,1200000
Central Recycling and Transfer Fund,1184936
Housing Department Affordable Housing Trust Fund,1183600
Special Police Comm./911 System Tax Fund,1183483
Prop. C Anti-Gridlock Transit Improvement Fund,1154414
Arts Development Fee Trust Fund,1145461
Arts Development Fee Trust Fund,1142966
Convention Center Revenue Fund,1141900
Housing Department Affordable Housing Trust Fund,1100000
Mobile Source Air Pollution Reduction Fund,1066238
Stormwater Pollution Abatement Fund,1061522
Arts Development Fee Trust Fund,1055132
Arts Development Fee Trust Fund,1040000
Local Transportation Fund,1036171
Mobile Source Air Pollution Reduction Fund,1010568
Housing Department Affordable Housing Trust Fund,1000000
Park and Recreational Sites and Facilities Fund,1000000
Special Police Comm./911 System Tax Fund,992890
Arts Development Fee Trust Fund,990000
Arts Development Fee Trust Fund,990000
Staples Arena Special Fund,977997
Arts Development Fee Trust Fund,974771
Traffic Safety Fund,946672
Planning Case Processing Revenue Fund,942904
Housing Department Affordable Housing Trust Fund,942066
Mobile Source Air Pollution Reduction Fund,918146
Cannabis Regulation Special Revenue Trust Fund,906974
Planning Case Processing Revenue Fund,877000
Arts and Cultural Facilities and Services Fund,866104
Municipal Housing Finance Fund,860750
Landfill Maintenance Trust Fund,848775
Code Compliance Fund,848543
Housing Department Affordable Housing Trust Fund,848000
Special Police Comm./911 System Tax Fund,825166
Park and Recreational Sites and Facilities Fund,800000
Housing Opportunities for Persons with AIDS,782849
Housing Opportunities for Persons with AIDS,763297
Mobile Source Air Pollution Reduction Fund,760299
Telecommunications Development Account,754088
Disaster Assistance Trust Fund,753000
Arts Development Fee Trust Fund,724714
Household Hazardous Waste Special Fund,719436
Arts Development Fee Trust Fund,695411
Arts Development Fee Trust Fund,694032
Arts and Cultural Facilities and Services Fund,681027
Multi-Family Bulky Item Fund,652082
Local Transportation Fund,649720
Housing Opportunities for Persons with AIDS Fund,624411
City Ethics Commission Fund,593520
Proposition A Local Transit Assistance Fund,585393
Major Projects Review Trust Fund,580500
Housing Opportunities for Persons with AIDS,565450
Housing Opportunities for Persons with AIDS,553940
Mobile Source Air Pollution Reduction Fund,553836
Landfill Maintenance Trust Fund,536532
Telecommunications Development Account,534036
El Pueblo Revenue Fund,518993
Convention Center Revenue Fund,514159
Housing Department Affordable Housing Trust Fund,500000
Housing Department Affordable Housing Trust Fund,495799
Landfill Maintenance Trust Fund,490355
Zoo Enterprise Trust Fund,464139
Housing Opportunities for Persons with AIDS,459158
Housing Opportunities for Persons with AIDS,459158
City Ethics Commission Fund,449372
Housing Opportunities for Persons with AIDS,445181
El Pueblo Revenue Fund,444310
City Employees Ridesharing Fund,439261
Household Hazardous Waste Special Fund,438650
Neighborhood Empowerment Fund,413826
Housing Opportunities for Persons with AIDS,411006
City Employees Ridesharing Fund,409192
Traffic Safety Fund,408238
Central Recycling and Transfer Fund,408161
Zoo Enterprise Trust Fund,400000
Prop. C Anti-Gridlock Transit Improvement Fund,393182
Household Hazardous Waste Special Fund,386919
Telecommunications Development Account,386000
City Ethics Commission Fund,354542
Neighborhood Empowerment Fund,335872
Local Public Safety Fund,335631
City Ethics Commission Fund,330294
Housing Opportunities for Persons with AIDS,323268
Housing Opportunities for Persons with AIDS,322923
Housing Opportunities for Persons with AIDS,313110
City Ethics Commission Fund,287837
Municipal Housing Finance Fund,285000
Municipal Housing Finance Fund,270588
City Ethics Commission Fund,265901
Street Damage Restoration Fee Fund,263004
City Ethics Commission Fund,257237
Stormwater Pollution Abatement Fund,246486
El Pueblo Revenue Fund,227064
Arts Development Fee Trust Fund,224955
Arts Development Fee Trust Fund,221556
City Employees Ridesharing Fund,218403
City Ethics Commission Fund,215944
Central Recycling and Transfer Fund,215220
El Pueblo Revenue Fund,208344
Special Police Comm./911 System Tax Fund,203855
Neighborhood Empowerment Fund,203091
Arts and Cultural Facilities and Services Fund,196868
Special Parking Revenue Fund,190706
Arts and Cultural Facilities and Services Fund,183964
El Pueblo Revenue Fund,176247
Central Recycling and Transfer Fund,164180
Housing Department Affordable Housing Trust Fund,150000
El Pueblo Revenue Fund,145171
Landfill Maintenance Trust Fund,140463
Special Police Comm./911 System Tax Fund,115081
Special Gas Tax Fund,109154
City Ethics Commission Fund,106415
Mobile Source Air Pollution Reduction Fund,103274
Supplemental Law Enforcement Services,100000
Supplemental Law Enforcement Services,100000
Local Transportation Fund,100000
City Employees Ridesharing Fund,91000
Arts and Cultural Facilities and Services Fund,84413
City Employees Ridesharing Fund,80622
Zoo Enterprise Trust Fund,78016
Arts and Cultural Facilities and Services Fund,73579
Housing Department Affordable Housing Trust Fund,55883
Special Gas Tax Fund,42462
Street Damage Restoration Fee Fund,36374
Local Transportation Fund,31039
Street Damage Restoration Fee Fund,21761
Special Police Comm./911 System Tax Fund,16145
City Employees Ridesharing Fund,15221
Special Police Comm./911 System Tax Fund,10000
Convention Center Revenue Fund,9928
Efficiency and Police Hires Fund,7197
Arts and Cultural Facilities and Services Fund,1303
El Pueblo Revenue Fund,1238
Local Transportation Fund,985
Traffic Safety Fund,985
Traffic Safety Fund,872
Neighborhood Empowerment Fund,758
Street Damage Restoration Fee Fund,680
Street Lighting Maintenance Asmt. Fund,553
Efficiency and Police Hires Fund,270
Traffic Safety Fund,25
Landfill Maintenance Trust Fund,0
Special Police Comm./911 System Tax Fund,0
Forfeited Assets Trust Fund,
Traffic Safety Fund,
Community Development Fund,
HOME Fund,
CERS,
Community Services Admin,
Park and Recreational Sites and Facilities,
Local Public Safety Fund,
Older Americans Act Fund,
Workforce Innovation Opportunity Act Fund,
Allocations from Other Sources,
Housing Opportunities for Persons with AIDS Fund,
Zoo Enterprise Trust Fund,